{"cameraMode":{"drawMode":0,"name":"Shaded","section":"Shading Mode"},"sceneLighting":true,"audioPlay":false,"sceneViewState":{"showFog":true,"showMaterialUpdate":false,"showSkybox":true,"showFlares":true,"showImageEffects":true,"showParticleSystems":true},"in2DMode":false,"pivot":{"x":20.829748153686525,"y":-164.2147216796875,"z":261.2052307128906},"rotation":{"x":0.2780679762363434,"y":0.037450388073921207,"z":-0.010849799029529095,"w":0.9597697854042053},"size":312.410888671875,"orthographic":false}