{"cameraMode":{"drawMode":0,"name":"Shaded","section":"Shading Mode"},"sceneLighting":true,"audioPlay":false,"sceneViewState":{"showFog":true,"showMaterialUpdate":false,"showSkybox":true,"showFlares":true,"showImageEffects":true,"showParticleSystems":true},"in2DMode":false,"pivot":{"x":0.5825912952423096,"y":5.218087673187256,"z":-24.41713523864746},"rotation":{"x":-0.0029444529209285976,"y":-0.9962477087974548,"z":-0.07786411792039871,"w":0.03767033666372299},"size":31.891132354736329,"orthographic":false}