{"cameraMode":{"drawMode":0,"name":"Shaded","section":"Shading Mode"},"sceneLighting":true,"audioPlay":false,"sceneViewState":{"showFog":true,"showMaterialUpdate":false,"showSkybox":true,"showFlares":true,"showImageEffects":true,"showParticleSystems":true},"in2DMode":false,"pivot":{"x":-5.032043933868408,"y":-0.47409844398498537,"z":0.40222349762916567},"rotation":{"x":0.10474134981632233,"y":-0.7296363115310669,"z":0.11475794017314911,"w":0.6659509539604187},"size":5.131166458129883,"orthographic":false}
