{"cameraMode":{"drawMode":0,"name":"Shaded","section":"Shading Mode"},"sceneLighting":false,"audioPlay":false,"sceneViewState":{"showFog":true,"showMaterialUpdate":false,"showSkybox":false,"showFlares":true,"showImageEffects":true,"showParticleSystems":true},"in2DMode":false,"pivot":{"x":0.12200000137090683,"y":5.369999885559082,"z":2.056999921798706},"rotation":{"x":-0.055370014160871509,"y":0.414365291595459,"z":-0.025266680866479875,"w":-0.9080733060836792},"size":0.06309043616056442,"orthographic":false}